{
	"name": "STREET SLAYER",
	"short_name": "STREET SLAYER",
	"description": "Secondary work. I would like to emphasize that after the delivery of the game, I am not liable for any misuse. The client should be aware that using the names of famous individuals for the characters is not permitted.",
	"start_url": "index.html",
	"display": "fullscreen",
	"orientation": "any",
	"background_color": "#ffffff",
	"icons": [
		{
			"src": "icons/icon-16.png",
			"sizes": "16x16",
			"type": "image/png"
		},
		{
			"src": "icons/icon-32.png",
			"sizes": "32x32",
			"type": "image/png"
		},
		{
			"src": "icons/icon-114.png",
			"sizes": "114x114",
			"type": "image/png"
		},
		{
			"src": "icons/icon-128.png",
			"sizes": "128x128",
			"type": "image/png"
		},
		{
			"src": "icons/icon-256.png",
			"sizes": "256x256",
			"type": "image/png"
		}
	]
}